id,group,status,source_commit,original_finding
REF-AA-01,1,implemented,2a43549604bf590ad667a23c7f61d3c6c385f417,
REF-AA-02,1,implemented,2a43549604bf590ad667a23c7f61d3c6c385f417,
REF-AA-03,1,implemented,2a43549604bf590ad667a23c7f61d3c6c385f417,
REF-AK-01,1,implemented,2a43549604bf590ad667a23c7f61d3c6c385f417,
REF-AK-02,1,implemented,2a43549604bf590ad667a23c7f61d3c6c385f417,
REF-AK-03,1,implemented,2a43549604bf590ad667a23c7f61d3c6c385f417,
REF-CI-01,2,implemented,6fa59d4d794c0fada1ce5e21d05c2bf220ab79d7,
REF-DB-01,2,implemented,6fa59d4d794c0fada1ce5e21d05c2bf220ab79d7,
REF-DB-02,2,implemented,6fa59d4d794c0fada1ce5e21d05c2bf220ab79d7,
REF-EL-01,2,implemented,6fa59d4d794c0fada1ce5e21d05c2bf220ab79d7,
REF-FE-01,3,implemented,41c6f44b54f695c47c0672b9693c263f8e44f185,
REF-FE-02,3,implemented,41c6f44b54f695c47c0672b9693c263f8e44f185,
REF-GCP-01,3,implemented,41c6f44b54f695c47c0672b9693c263f8e44f185,
REF-GCP-02,3,decision-needed,,
REF-GRAF-01,3,implemented,41c6f44b54f695c47c0672b9693c263f8e44f185,
REF-GRAF-02,3,implemented,41c6f44b54f695c47c0672b9693c263f8e44f185,
REF-GRAF-03,3,implemented,41c6f44b54f695c47c0672b9693c263f8e44f185,
REF-GRAF-04,3,implemented,41c6f44b54f695c47c0672b9693c263f8e44f185,
REF-GRAF-05,3,implemented,41c6f44b54f695c47c0672b9693c263f8e44f185,
REF-II-01,4,implemented,5c0ad3b1ba211c80c5d6f1e935abada4209dfab8,II-01 (source corrected; calibration pending)
REF-II-02,4,implemented,5c0ad3b1ba211c80c5d6f1e935abada4209dfab8,
REF-II-03,4,implemented,5c0ad3b1ba211c80c5d6f1e935abada4209dfab8,
REF-II-04,4,implemented,5c0ad3b1ba211c80c5d6f1e935abada4209dfab8,
REF-ALERT-01,4,implemented,5c0ad3b1ba211c80c5d6f1e935abada4209dfab8,
REF-LOG-01,4,implemented,5c0ad3b1ba211c80c5d6f1e935abada4209dfab8,
REF-MET-01,5,implemented,5a7d5949e6378315dc915bd9262b772d112faa58,
REF-MET-02,5,implemented,5a7d5949e6378315dc915bd9262b772d112faa58,
REF-PIPE-01,5,implemented,5a7d5949e6378315dc915bd9262b772d112faa58,
REF-PIPE-02,5,implemented,5a7d5949e6378315dc915bd9262b772d112faa58,
REF-PIPE-03,5,implemented,5a7d5949e6378315dc915bd9262b772d112faa58,
REF-TRACE-01,5,implemented,5a7d5949e6378315dc915bd9262b772d112faa58,
REF-DEP-01,6,implemented,fed2018a0d3a1657672fac208b09ea979c5eed39,
REF-GATE-01,7,implemented,2b366d9ccb3e7899cff44564baaa9cfd10a98920,
REF-PY-01,7,implemented,2b366d9ccb3e7899cff44564baaa9cfd10a98920,
REF-PY-02,7,implemented,2b366d9ccb3e7899cff44564baaa9cfd10a98920,
REF-RUN-01,8,implemented,6e45e6a86cb47417267eb4b60101c5d14d23ff35,
REF-RUN-02,8,implemented,6e45e6a86cb47417267eb4b60101c5d14d23ff35,
REF-STACK-01,8,implemented,6e45e6a86cb47417267eb4b60101c5d14d23ff35,
REF-STACK-02,8,implemented,6e45e6a86cb47417267eb4b60101c5d14d23ff35,
REF-STACK-03,8,implemented,6e45e6a86cb47417267eb4b60101c5d14d23ff35,
